{
    "display": {
        "icon": {
            "id": "minecraft:player_head",
            "components": {
                "minecraft:profile": {
                    "name": "ProdigeGasy"
                }
            }
        },
        "title": "ProdigeGasy",
        "description": "",
        "show_toast": false,
        "announce_to_chat": false
    },
    "parent": "global:root",
    "criteria": {
        "requirement": {
            "trigger": "minecraft:tick"
        }
    }
}