{
    "type": "minecraft:chest",
    "pools": [
        {
            "rolls": {
                "min": 1,
                "max": 1
            },
            "entries": [
                {
                    "type": "minecraft:item",
                    "name": "minecraft:diamond_shovel",
                    "functions": [
                        {
                            "function": "minecraft:set_name",
                            "name": {
                                "text": "Earth Mover",
                                "color": "gold",
                                "italic": false
                            }
                        },
                        {
                            "function": "minecraft:set_lore",
                            "lore": [
                                {
                                    "text": " "
                                },
                                {
                                    "text": "Excavation",
                                    "color": "gold",
                                    "bold": true,
                                    "italic": false
                                }
                            ],
                            "mode": "append"
                        },
                        {
                            "function": "minecraft:set_enchantments",
                            "enchantments": {
                                "minecraft:efficiency": 5,
                                "minecraft:unbreaking": 3
                            }
                        }
                    ]
                },
                {
                    "type": "minecraft:item",
                    "name": "minecraft:iron_shovel",
                    "functions": [
                        {
                            "function": "minecraft:set_name",
                            "name": {
                                "text": "Golden Digger",
                                "color": "gold",
                                "italic": false
                            }
                        },
                        {
                            "function": "minecraft:set_lore",
                            "lore": [
                                {
                                    "text": " "
                                },
                                {
                                    "text": "Excavation",
                                    "color": "gold",
                                    "bold": true,
                                    "italic": false
                                }
                            ],
                            "mode": "append"
                        },
                        {
                            "function": "minecraft:set_enchantments",
                            "enchantments": {
                                "minecraft:efficiency": 3,
                                "minecraft:unbreaking": 3
                            }
                        }
                    ]
                },
                {
                    "type": "minecraft:item",
                    "name": "minecraft:netherite_shovel",
                    "functions": [
                        {
                            "function": "minecraft:set_name",
                            "name": {
                                "text": "Soil Turner",
                                "color": "gold",
                                "italic": false
                            }
                        },
                        {
                            "function": "minecraft:set_lore",
                            "lore": [
                                {
                                    "text": " "
                                },
                                {
                                    "text": "Excavation",
                                    "color": "gold",
                                    "bold": true,
                                    "italic": false
                                }
                            ],
                            "mode": "append"
                        },
                        {
                            "function": "minecraft:set_enchantments",
                            "enchantments": {
                                "minecraft:efficiency": 2,
                                "minecraft:unbreaking": 2
                            }
                        }
                    ]
                },
                {
                    "type": "minecraft:item",
                    "name": "minecraft:diamond_shovel",
                    "functions": [
                        {
                            "function": "minecraft:set_name",
                            "name": {
                                "text": "Sand Sweeper",
                                "color": "gold",
                                "italic": false
                            }
                        },
                        {
                            "function": "minecraft:set_lore",
                            "lore": [
                                {
                                    "text": " "
                                },
                                {
                                    "text": "Excavation",
                                    "color": "gold",
                                    "bold": true,
                                    "italic": false
                                }
                            ],
                            "mode": "append"
                        },
                        {
                            "function": "minecraft:set_enchantments",
                            "enchantments": {
                                "minecraft:efficiency": 5,
                                "minecraft:unbreaking": 3
                            }
                        }
                    ]
                },
                {
                    "type": "minecraft:item",
                    "name": "minecraft:iron_shovel",
                    "functions": [
                        {
                            "function": "minecraft:set_name",
                            "name": {
                                "text": "Gravel Crusher",
                                "color": "gold",
                                "italic": false
                            }
                        },
                        {
                            "function": "minecraft:set_lore",
                            "lore": [
                                {
                                    "text": " "
                                },
                                {
                                    "text": "Excavation",
                                    "color": "gold",
                                    "bold": true,
                                    "italic": false
                                }
                            ],
                            "mode": "append"
                        },
                        {
                            "function": "minecraft:set_enchantments",
                            "enchantments": {
                                "minecraft:fortune": 4,
                                "minecraft:unbreaking": 3
                            }
                        }
                    ]
                },
                {
                    "type": "minecraft:item",
                    "name": "minecraft:diamond_shovel",
                    "functions": [
                        {
                            "function": "minecraft:set_name",
                            "name": {
                                "text": "Clay Digger",
                                "color": "gold",
                                "italic": false
                            }
                        },
                        {
                            "function": "minecraft:set_lore",
                            "lore": [
                                {
                                    "text": " "
                                },
                                {
                                    "text": "Excavation",
                                    "color": "gold",
                                    "bold": true,
                                    "italic": false
                                }
                            ],
                            "mode": "append"
                        },
                        {
                            "function": "minecraft:set_enchantments",
                            "enchantments": {
                                "minecraft:efficiency": 5,
                                "minecraft:unbreaking": 3
                            }
                        }
                    ]
                },
                {
                    "type": "minecraft:item",
                    "name": "minecraft:iron_shovel",
                    "functions": [
                        {
                            "function": "minecraft:set_name",
                            "name": {
                                "text": "Path Finder",
                                "color": "gold",
                                "italic": false
                            }
                        },
                        {
                            "function": "minecraft:set_lore",
                            "lore": [
                                {
                                    "text": " "
                                },
                                {
                                    "text": "Excavation",
                                    "color": "gold",
                                    "bold": true,
                                    "italic": false
                                }
                            ],
                            "mode": "append"
                        },
                        {
                            "function": "minecraft:set_enchantments",
                            "enchantments": {
                                "minecraft:efficiency": 3,
                                "minecraft:unbreaking": 3
                            }
                        }
                    ]
                },
                {
                    "type": "minecraft:item",
                    "name": "minecraft:stone_shovel",
                    "functions": [
                        {
                            "function": "minecraft:set_name",
                            "name": {
                                "text": "Dirt Mover",
                                "color": "gold",
                                "italic": false
                            }
                        },
                        {
                            "function": "minecraft:set_lore",
                            "lore": [
                                {
                                    "text": " "
                                },
                                {
                                    "text": "Excavation",
                                    "color": "gold",
                                    "bold": true,
                                    "italic": false
                                }
                            ],
                            "mode": "append"
                        },
                        {
                            "function": "minecraft:set_enchantments",
                            "enchantments": {
                                "minecraft:efficiency": 2,
                                "minecraft:fortune": 2
                            }
                        }
                    ]
                },
                {
                    "type": "minecraft:item",
                    "name": "minecraft:netherite_shovel",
                    "functions": [
                        {
                            "function": "minecraft:set_name",
                            "name": {
                                "text": "Quick Digger",
                                "color": "gold",
                                "italic": false
                            }
                        },
                        {
                            "function": "minecraft:set_lore",
                            "lore": [
                                {
                                    "text": " "
                                },
                                {
                                    "text": "Excavation",
                                    "color": "gold",
                                    "bold": true,
                                    "italic": false
                                }
                            ],
                            "mode": "append"
                        },
                        {
                            "function": "minecraft:set_enchantments",
                            "enchantments": {
                                "minecraft:efficiency": 5,
                                "minecraft:unbreaking": 3
                            }
                        }
                    ]
                },
                {
                    "type": "minecraft:item",
                    "name": "minecraft:iron_shovel",
                    "functions": [
                        {
                            "function": "minecraft:set_name",
                            "name": {
                                "text": "Deep Digger",
                                "color": "gold",
                                "italic": false
                            }
                        },
                        {
                            "function": "minecraft:set_lore",
                            "lore": [
                                {
                                    "text": " "
                                },
                                {
                                    "text": "Excavation",
                                    "color": "gold",
                                    "bold": true,
                                    "italic": false
                                }
                            ],
                            "mode": "append"
                        },
                        {
                            "function": "minecraft:set_enchantments",
                            "enchantments": {
                                "minecraft:efficiency": 3,
                                "minecraft:unbreaking": 3
                            }
                        }
                    ]
                }
            ]
        }
    ]
}