{
    "type": "minecraft:chest",
    "pools": [
        {
            "rolls": {
                "min": 1,
                "max": 1
            },
            "entries": [
                {
                    "type": "minecraft:item",
                    "name": "minecraft:netherite_hoe",
                    "functions": [
                        {
                            "function": "minecraft:set_name",
                            "name": {
                                "text": "Harvest Master",
                                "color": "dark_green",
                                "italic": false
                            }
                        },
                        {
                            "function": "minecraft:set_lore",
                            "lore": [
                                {
                                    "text": " "
                                },
                                {
                                    "text": "Farming",
                                    "color": "dark_green",
                                    "bold": true,
                                    "italic": false
                                }
                            ],
                            "mode": "append"
                        },
                        {
                            "function": "minecraft:set_enchantments",
                            "enchantments": {
                                "minecraft:unbreaking": 5,
                                "minecraft:fortune": 3
                            }
                        }
                    ]
                },
                {
                    "type": "minecraft:item",
                    "name": "minecraft:iron_hoe",
                    "functions": [
                        {
                            "function": "minecraft:set_name",
                            "name": {
                                "text": "Field Reaper",
                                "color": "dark_green",
                                "italic": false
                            }
                        },
                        {
                            "function": "minecraft:set_lore",
                            "lore": [
                                {
                                    "text": " "
                                },
                                {
                                    "text": "Farming",
                                    "color": "dark_green",
                                    "bold": true,
                                    "italic": false
                                }
                            ],
                            "mode": "append"
                        },
                        {
                            "function": "minecraft:set_enchantments",
                            "enchantments": {
                                "minecraft:fortune": 4,
                                "minecraft:unbreaking": 3
                            }
                        }
                    ]
                },
                {
                    "type": "minecraft:item",
                    "name": "minecraft:stone_hoe",
                    "functions": [
                        {
                            "function": "minecraft:set_name",
                            "name": {
                                "text": "Soil Cultivator",
                                "color": "dark_green",
                                "italic": false
                            }
                        },
                        {
                            "function": "minecraft:set_lore",
                            "lore": [
                                {
                                    "text": " "
                                },
                                {
                                    "text": "Farming",
                                    "color": "dark_green",
                                    "bold": true,
                                    "italic": false
                                }
                            ],
                            "mode": "append"
                        },
                        {
                            "function": "minecraft:set_enchantments",
                            "enchantments": {
                                "minecraft:fortune": 3,
                                "minecraft:unbreaking": 2
                            }
                        }
                    ]
                },
                {
                    "type": "minecraft:item",
                    "name": "minecraft:diamond_hoe",
                    "functions": [
                        {
                            "function": "minecraft:set_name",
                            "name": {
                                "text": "Crop Gatherer",
                                "color": "dark_green",
                                "italic": false
                            }
                        },
                        {
                            "function": "minecraft:set_lore",
                            "lore": [
                                {
                                    "text": " "
                                },
                                {
                                    "text": "Farming",
                                    "color": "dark_green",
                                    "bold": true,
                                    "italic": false
                                }
                            ],
                            "mode": "append"
                        },
                        {
                            "function": "minecraft:set_enchantments",
                            "enchantments": {
                                "minecraft:unbreaking": 5,
                                "minecraft:fortune": 3
                            }
                        }
                    ]
                },
                {
                    "type": "minecraft:item",
                    "name": "minecraft:iron_hoe",
                    "functions": [
                        {
                            "function": "minecraft:set_name",
                            "name": {
                                "text": "Harvest Reaper",
                                "color": "dark_green",
                                "italic": false
                            }
                        },
                        {
                            "function": "minecraft:set_lore",
                            "lore": [
                                {
                                    "text": " "
                                },
                                {
                                    "text": "Farming",
                                    "color": "dark_green",
                                    "bold": true,
                                    "italic": false
                                }
                            ],
                            "mode": "append"
                        },
                        {
                            "function": "minecraft:set_enchantments",
                            "enchantments": {
                                "minecraft:fortune": 4,
                                "minecraft:unbreaking": 3
                            }
                        }
                    ]
                },
                {
                    "type": "minecraft:item",
                    "name": "minecraft:stone_hoe",
                    "functions": [
                        {
                            "function": "minecraft:set_name",
                            "name": {
                                "text": "Green Thumb",
                                "color": "dark_green",
                                "italic": false
                            }
                        },
                        {
                            "function": "minecraft:set_lore",
                            "lore": [
                                {
                                    "text": " "
                                },
                                {
                                    "text": "Farming",
                                    "color": "dark_green",
                                    "bold": true,
                                    "italic": false
                                }
                            ],
                            "mode": "append"
                        },
                        {
                            "function": "minecraft:set_enchantments",
                            "enchantments": {
                                "minecraft:fortune": 3,
                                "minecraft:unbreaking": 2
                            }
                        }
                    ]
                },
                {
                    "type": "minecraft:item",
                    "name": "minecraft:diamond_hoe",
                    "functions": [
                        {
                            "function": "minecraft:set_name",
                            "name": {
                                "text": "Golden Farmer",
                                "color": "dark_green",
                                "italic": false
                            }
                        },
                        {
                            "function": "minecraft:set_lore",
                            "lore": [
                                {
                                    "text": " "
                                },
                                {
                                    "text": "Farming",
                                    "color": "dark_green",
                                    "bold": true,
                                    "italic": false
                                }
                            ],
                            "mode": "append"
                        },
                        {
                            "function": "minecraft:set_enchantments",
                            "enchantments": {
                                "minecraft:unbreaking": 5,
                                "minecraft:fortune": 3
                            }
                        }
                    ]
                },
                {
                    "type": "minecraft:item",
                    "name": "minecraft:iron_hoe",
                    "functions": [
                        {
                            "function": "minecraft:set_name",
                            "name": {
                                "text": "Plow Master",
                                "color": "dark_green",
                                "italic": false
                            }
                        },
                        {
                            "function": "minecraft:set_lore",
                            "lore": [
                                {
                                    "text": " "
                                },
                                {
                                    "text": "Farming",
                                    "color": "dark_green",
                                    "bold": true,
                                    "italic": false
                                }
                            ],
                            "mode": "append"
                        },
                        {
                            "function": "minecraft:set_enchantments",
                            "enchantments": {
                                "minecraft:fortune": 4,
                                "minecraft:unbreaking": 3
                            }
                        }
                    ]
                },
                {
                    "type": "minecraft:item",
                    "name": "minecraft:stone_hoe",
                    "functions": [
                        {
                            "function": "minecraft:set_name",
                            "name": {
                                "text": "Crop Keeper",
                                "color": "dark_green",
                                "italic": false
                            }
                        },
                        {
                            "function": "minecraft:set_lore",
                            "lore": [
                                {
                                    "text": " "
                                },
                                {
                                    "text": "Farming",
                                    "color": "dark_green",
                                    "bold": true,
                                    "italic": false
                                }
                            ],
                            "mode": "append"
                        },
                        {
                            "function": "minecraft:set_enchantments",
                            "enchantments": {
                                "minecraft:fortune": 3,
                                "minecraft:unbreaking": 2
                            }
                        }
                    ]
                },
                {
                    "type": "minecraft:item",
                    "name": "minecraft:diamond_hoe",
                    "functions": [
                        {
                            "function": "minecraft:set_name",
                            "name": {
                                "text": "Field Cultivator",
                                "color": "dark_green",
                                "italic": false
                            }
                        },
                        {
                            "function": "minecraft:set_lore",
                            "lore": [
                                {
                                    "text": " "
                                },
                                {
                                    "text": "Farming",
                                    "color": "dark_green",
                                    "bold": true,
                                    "italic": false
                                }
                            ],
                            "mode": "append"
                        },
                        {
                            "function": "minecraft:set_enchantments",
                            "enchantments": {
                                "minecraft:unbreaking": 5,
                                "minecraft:fortune": 3
                            }
                        }
                    ]
                }
            ]
        }
    ]
}