{
    "type": "minecraft:chest",
    "pools": [
        {
            "rolls": {
                "min": 1,
                "max": 1
            },
            "entries": [
                {
                    "type": "minecraft:item",
                    "name": "minecraft:diamond_axe",
                    "functions": [
                        {
                            "function": "minecraft:set_name",
                            "name": {
                                "text": "Nature's Wrath",
                                "color": "dark_green",
                                "italic": false
                            }
                        },
                        {
                            "function": "minecraft:set_lore",
                            "lore": [
                                {
                                    "text": ""
                                },
                                {
                                    "text": "Foraging",
                                    "color": "dark_green",
                                    "bold": true,
                                    "italic": false
                                }
                            ],
                            "mode": "append"
                        },
                        {
                            "function": "minecraft:set_enchantments",
                            "enchantments": {
                                "minecraft:sharpness": 5,
                                "minecraft:unbreaking": 3,
                                "minecraft:efficiency": 5
                            }
                        }
                    ]
                },
                {
                    "type": "minecraft:item",
                    "name": "minecraft:iron_axe",
                    "functions": [
                        {
                            "function": "minecraft:set_name",
                            "name": {
                                "text": "Forest's Edge",
                                "color": "dark_green",
                                "italic": false
                            }
                        },
                        {
                            "function": "minecraft:set_lore",
                            "lore": [
                                {
                                    "text": " "
                                },
                                {
                                    "text": "Foraging",
                                    "color": "dark_green",
                                    "bold": true,
                                    "italic": false
                                }
                            ],
                            "mode": "append"
                        },
                        {
                            "function": "minecraft:set_enchantments",
                            "enchantments": {
                                "minecraft:efficiency": 4,
                                "minecraft:unbreaking": 3
                            }
                        }
                    ]
                },
                {
                    "type": "minecraft:item",
                    "name": "minecraft:stone_axe",
                    "functions": [
                        {
                            "function": "minecraft:set_name",
                            "name": {
                                "text": "Woodland Smasher",
                                "color": "dark_green",
                                "italic": false
                            }
                        },
                        {
                            "function": "minecraft:set_lore",
                            "lore": [
                                {
                                    "text": " "
                                },
                                {
                                    "text": "Foraging",
                                    "color": "dark_green",
                                    "bold": true,
                                    "italic": false
                                }
                            ],
                            "mode": "append"
                        },
                        {
                            "function": "minecraft:set_enchantments",
                            "enchantments": {
                                "minecraft:unbreaking": 5,
                                "minecraft:efficiency": 7
                            }
                        }
                    ]
                },
                {
                    "type": "minecraft:item",
                    "name": "minecraft:diamond_axe",
                    "functions": [
                        {
                            "function": "minecraft:set_name",
                            "name": {
                                "text": "Diamond Logger",
                                "color": "dark_green",
                                "italic": false
                            }
                        },
                        {
                            "function": "minecraft:set_lore",
                            "lore": [
                                {
                                    "text": " "
                                },
                                {
                                    "text": "Foraging",
                                    "color": "dark_green",
                                    "bold": true,
                                    "italic": false
                                }
                            ],
                            "mode": "append"
                        },
                        {
                            "function": "minecraft:set_enchantments",
                            "enchantments": {
                                "minecraft:efficiency": 5,
                                "minecraft:fortune": 3
                            }
                        }
                    ]
                },
                {
                    "type": "minecraft:item",
                    "name": "minecraft:iron_axe",
                    "functions": [
                        {
                            "function": "minecraft:set_name",
                            "name": {
                                "text": "Ancient Woodcutter",
                                "color": "dark_green",
                                "italic": false
                            }
                        },
                        {
                            "function": "minecraft:set_lore",
                            "lore": [
                                {
                                    "text": " "
                                },
                                {
                                    "text": "Foraging",
                                    "color": "dark_green",
                                    "bold": true,
                                    "italic": false
                                }
                            ],
                            "mode": "append"
                        },
                        {
                            "function": "minecraft:set_enchantments",
                            "enchantments": {
                                "minecraft:unbreaking": 3,
                                "minecraft:efficiency": 1
                            }
                        }
                    ]
                },
                {
                    "type": "minecraft:item",
                    "name": "minecraft:netherite_axe",
                    "functions": [
                        {
                            "function": "minecraft:set_name",
                            "name": {
                                "text": "Netherite Lumberjack",
                                "color": "dark_green",
                                "italic": false
                            }
                        },
                        {
                            "function": "minecraft:set_lore",
                            "lore": [
                                {
                                    "text": " ",
                                    "italic": false
                                },
                                {
                                    "text": "Foraging",
                                    "color": "dark_green",
                                    "bold": true,
                                    "italic": false
                                }
                            ],
                            "mode": "append"
                        },
                        {
                            "function": "minecraft:set_enchantments",
                            "enchantments": {
                                "minecraft:sharpness": 5,
                                "minecraft:efficiency": 5,
                                "minecraft:fortune": {
                                    "min": 2,
                                    "max": 5
                                }
                            }
                        }
                    ]
                }
            ]
        }
    ]
}