{
    "type": "minecraft:chest",
    "pools": [
        {
            "rolls": {
                "min": 1,
                "max": 1
            },
            "entries": [
                {
                    "type": "minecraft:item",
                    "name": "minecraft:diamond_sword",
                    "functions": [
                        {
                            "function": "minecraft:set_name",
                            "name": {
                                "text": "Beast Slayer",
                                "color": "red",
                                "italic": false
                            }
                        },
                        {
                            "function": "minecraft:set_lore",
                            "lore": [
                                {
                                    "text": " "
                                },
                                {
                                    "text": "Hunting",
                                    "color": "red",
                                    "bold": true,
                                    "italic": false
                                }
                            ],
                            "mode": "append"
                        },
                        {
                            "function": "minecraft:set_enchantments",
                            "enchantments": {
                                "minecraft:sharpness": 5,
                                "minecraft:unbreaking": 3
                            }
                        }
                    ]
                },
                {
                    "type": "minecraft:item",
                    "name": "minecraft:iron_sword",
                    "functions": [
                        {
                            "function": "minecraft:set_name",
                            "name": {
                                "text": "Savage Blade",
                                "color": "red",
                                "italic": false
                            }
                        },
                        {
                            "function": "minecraft:set_lore",
                            "lore": [
                                {
                                    "text": " "
                                },
                                {
                                    "text": "Hunting",
                                    "color": "red",
                                    "bold": true,
                                    "italic": false
                                }
                            ],
                            "mode": "append"
                        },
                        {
                            "function": "minecraft:set_enchantments",
                            "enchantments": {
                                "minecraft:fire_aspect": 2,
                                "minecraft:unbreaking": 5
                            }
                        }
                    ]
                },
                {
                    "type": "minecraft:item",
                    "name": "minecraft:stone_sword",
                    "functions": [
                        {
                            "function": "minecraft:set_name",
                            "name": {
                                "text": "Wild Hunter",
                                "color": "red",
                                "italic": false
                            }
                        },
                        {
                            "function": "minecraft:set_lore",
                            "lore": [
                                {
                                    "text": " "
                                },
                                {
                                    "text": "Hunting",
                                    "color": "red",
                                    "bold": true,
                                    "italic": false
                                }
                            ],
                            "mode": "append"
                        },
                        {
                            "function": "minecraft:set_enchantments",
                            "enchantments": {
                                "minecraft:sharpness": 6,
                                "minecraft:unbreaking": 2
                            }
                        }
                    ]
                },
                {
                    "type": "minecraft:item",
                    "name": "minecraft:diamond_sword",
                    "functions": [
                        {
                            "function": "minecraft:set_name",
                            "name": {
                                "text": "Fang",
                                "color": "red",
                                "italic": false
                            }
                        },
                        {
                            "function": "minecraft:set_lore",
                            "lore": [
                                {
                                    "text": " "
                                },
                                {
                                    "text": "Hunting",
                                    "color": "red",
                                    "bold": true,
                                    "italic": false
                                }
                            ],
                            "mode": "append"
                        },
                        {
                            "function": "minecraft:set_enchantments",
                            "enchantments": {
                                "minecraft:fire_aspect": 2,
                                "minecraft:mending": 1
                            }
                        }
                    ]
                },
                {
                    "type": "minecraft:item",
                    "name": "minecraft:iron_sword",
                    "functions": [
                        {
                            "function": "minecraft:set_name",
                            "name": {
                                "text": "Predator",
                                "color": "red",
                                "italic": false
                            }
                        },
                        {
                            "function": "minecraft:set_lore",
                            "lore": [
                                {
                                    "text": " "
                                },
                                {
                                    "text": "Hunting",
                                    "color": "red",
                                    "bold": true,
                                    "italic": false
                                }
                            ],
                            "mode": "append"
                        },
                        {
                            "function": "minecraft:set_enchantments",
                            "enchantments": {
                                "minecraft:sharpness": 4,
                                "minecraft:unbreaking": 3
                            }
                        }
                    ]
                },
                {
                    "type": "minecraft:item",
                    "name": "minecraft:stone_sword",
                    "functions": [
                        {
                            "function": "minecraft:set_name",
                            "name": {
                                "text": "Red Fang",
                                "color": "red",
                                "italic": false
                            }
                        },
                        {
                            "function": "minecraft:set_lore",
                            "lore": [
                                {
                                    "text": " "
                                },
                                {
                                    "text": "Hunting",
                                    "color": "red",
                                    "bold": true,
                                    "italic": false
                                }
                            ],
                            "mode": "append"
                        },
                        {
                            "function": "minecraft:set_enchantments",
                            "enchantments": {
                                "minecraft:sharpness": 3,
                                "minecraft:unbreaking": 2
                            }
                        }
                    ]
                },
                {
                    "type": "minecraft:item",
                    "name": "minecraft:diamond_sword",
                    "functions": [
                        {
                            "function": "minecraft:set_name",
                            "name": {
                                "text": "Blood Fang",
                                "color": "red",
                                "italic": false
                            }
                        },
                        {
                            "function": "minecraft:set_lore",
                            "lore": [
                                {
                                    "text": " "
                                },
                                {
                                    "text": "Hunting",
                                    "color": "red",
                                    "bold": true,
                                    "italic": false
                                }
                            ],
                            "mode": "append"
                        },
                        {
                            "function": "minecraft:set_enchantments",
                            "enchantments": {
                                "minecraft:sharpness": 1,
                                "minecraft:unbreaking": 1,
                                "minecraft:knockback": 2
                            }
                        }
                    ]
                },
                {
                    "type": "minecraft:item",
                    "name": "minecraft:iron_sword",
                    "functions": [
                        {
                            "function": "minecraft:set_name",
                            "name": {
                                "text": "Crimson Blade",
                                "color": "red",
                                "italic": false
                            }
                        },
                        {
                            "function": "minecraft:set_lore",
                            "lore": [
                                {
                                    "text": " "
                                },
                                {
                                    "text": "Hunting",
                                    "color": "red",
                                    "bold": true,
                                    "italic": false
                                }
                            ],
                            "mode": "append"
                        },
                        {
                            "function": "minecraft:set_enchantments",
                            "enchantments": {
                                "minecraft:looting": 2,
                                "minecraft:smite": 4
                            }
                        }
                    ]
                },
                {
                    "type": "minecraft:item",
                    "name": "minecraft:stone_sword",
                    "functions": [
                        {
                            "function": "minecraft:set_name",
                            "name": {
                                "text": "Hunter's Edge",
                                "color": "red",
                                "italic": false
                            }
                        },
                        {
                            "function": "minecraft:set_lore",
                            "lore": [
                                {
                                    "text": " "
                                },
                                {
                                    "text": "Hunting",
                                    "color": "red",
                                    "bold": true,
                                    "italic": false
                                }
                            ],
                            "mode": "append"
                        },
                        {
                            "function": "minecraft:set_enchantments",
                            "enchantments": {
                                "minecraft:sharpness": 5,
                                "minecraft:fire_aspect": 2
                            }
                        }
                    ]
                },
                {
                    "type": "minecraft:item",
                    "name": "minecraft:diamond_sword",
                    "functions": [
                        {
                            "function": "minecraft:set_name",
                            "name": {
                                "text": "Rogue Fang",
                                "color": "red",
                                "italic": false
                            }
                        },
                        {
                            "function": "minecraft:set_lore",
                            "lore": [
                                {
                                    "text": " "
                                },
                                {
                                    "text": "Hunting",
                                    "color": "red",
                                    "bold": true,
                                    "italic": false
                                }
                            ],
                            "mode": "append"
                        },
                        {
                            "function": "minecraft:set_enchantments",
                            "enchantments": {
                                "minecraft:unbreaking": 3,
                                "minecraft:smite": 1,
                                "minecraft:looting": 3
                            }
                        }
                    ]
                }
            ]
        }
    ]
}