{
    "type": "minecraft:chest",
    "pools": [
        {
            "rolls": {
                "min": 1,
                "max": 1
            },
            "entries": [
                {
                    "type": "minecraft:item",
                    "name": "minecraft:diamond_pickaxe",
                    "functions": [
                        {
                            "function": "minecraft:set_name",
                            "name": {
                                "text": "Stone Breaker",
                                "color": "gray",
                                "italic": false
                            }
                        },
                        {
                            "function": "minecraft:set_lore",
                            "lore": [
                                {
                                    "text": " "
                                },
                                {
                                    "text": "Mining",
                                    "color": "gray",
                                    "bold": true,
                                    "italic": false
                                }
                            ],
                            "mode": "append"
                        },
                        {
                            "function": "minecraft:set_enchantments",
                            "enchantments": {
                                "minecraft:efficiency": 5,
                                "minecraft:fortune": 3
                            }
                        }
                    ]
                },
                {
                    "type": "minecraft:item",
                    "name": "minecraft:iron_pickaxe",
                    "functions": [
                        {
                            "function": "minecraft:set_name",
                            "name": {
                                "text": "Iron Digger",
                                "color": "gray",
                                "italic": false
                            }
                        },
                        {
                            "function": "minecraft:set_lore",
                            "lore": [
                                {
                                    "text": " "
                                },
                                {
                                    "text": "Mining",
                                    "color": "gray",
                                    "bold": true,
                                    "italic": false
                                }
                            ],
                            "mode": "append"
                        },
                        {
                            "function": "minecraft:set_enchantments",
                            "enchantments": {
                                "minecraft:efficiency": 4,
                                "minecraft:unbreaking": 3
                            }
                        }
                    ]
                },
                {
                    "type": "minecraft:item",
                    "name": "minecraft:stone_pickaxe",
                    "functions": [
                        {
                            "function": "minecraft:set_name",
                            "name": {
                                "text": "Rock Crusher",
                                "color": "gray",
                                "italic": false
                            }
                        },
                        {
                            "function": "minecraft:set_lore",
                            "lore": [
                                {
                                    "text": " "
                                },
                                {
                                    "text": "Mining",
                                    "color": "gray",
                                    "bold": true,
                                    "italic": false
                                }
                            ],
                            "mode": "append"
                        },
                        {
                            "function": "minecraft:set_enchantments",
                            "enchantments": {
                                "minecraft:efficiency": 3,
                                "minecraft:unbreaking": 2
                            }
                        }
                    ]
                },
                {
                    "type": "minecraft:item",
                    "name": "minecraft:netherite_pickaxe",
                    "functions": [
                        {
                            "function": "minecraft:set_name",
                            "name": {
                                "text": "Netherite Digger",
                                "color": "gray",
                                "italic": false
                            }
                        },
                        {
                            "function": "minecraft:set_lore",
                            "lore": [
                                {
                                    "text": " "
                                },
                                {
                                    "text": "Mining",
                                    "color": "gray",
                                    "bold": true,
                                    "italic": false
                                }
                            ],
                            "mode": "append"
                        },
                        {
                            "function": "minecraft:set_enchantments",
                            "enchantments": {
                                "minecraft:efficiency": 5,
                                "minecraft:unbreaking": 3
                            }
                        }
                    ]
                },
                {
                    "type": "minecraft:item",
                    "name": "minecraft:golden_pickaxe",
                    "functions": [
                        {
                            "function": "minecraft:set_name",
                            "name": {
                                "text": "Golden Miner",
                                "color": "gray",
                                "italic": false
                            }
                        },
                        {
                            "function": "minecraft:set_lore",
                            "lore": [
                                {
                                    "text": " "
                                },
                                {
                                    "text": "Mining",
                                    "color": "gray",
                                    "bold": true,
                                    "italic": false
                                }
                            ],
                            "mode": "append"
                        },
                        {
                            "function": "minecraft:set_enchantments",
                            "enchantments": {
                                "minecraft:efficiency": 3,
                                "minecraft:unbreaking": 1
                            }
                        }
                    ]
                },
                {
                    "type": "minecraft:item",
                    "name": "minecraft:diamond_pickaxe",
                    "functions": [
                        {
                            "function": "minecraft:set_name",
                            "name": {
                                "text": "Deep Digger",
                                "color": "gray",
                                "italic": false
                            }
                        },
                        {
                            "function": "minecraft:set_lore",
                            "lore": [
                                {
                                    "text": " "
                                },
                                {
                                    "text": "Mining",
                                    "color": "gray",
                                    "bold": true,
                                    "italic": false
                                }
                            ],
                            "mode": "append"
                        },
                        {
                            "function": "minecraft:set_enchantments",
                            "enchantments": {
                                "minecraft:efficiency": 5,
                                "minecraft:fortune": 2
                            }
                        }
                    ]
                },
                {
                    "type": "minecraft:item",
                    "name": "minecraft:iron_pickaxe",
                    "functions": [
                        {
                            "function": "minecraft:set_name",
                            "name": {
                                "text": "Heavy Miner",
                                "color": "gray",
                                "italic": false
                            }
                        },
                        {
                            "function": "minecraft:set_lore",
                            "lore": [
                                {
                                    "text": " "
                                },
                                {
                                    "text": "Mining",
                                    "color": "gray",
                                    "bold": true,
                                    "italic": false
                                }
                            ],
                            "mode": "append"
                        },
                        {
                            "function": "minecraft:set_enchantments",
                            "enchantments": {
                                "minecraft:efficiency": 4,
                                "minecraft:unbreaking": 3
                            }
                        }
                    ]
                },
                {
                    "type": "minecraft:item",
                    "name": "minecraft:stone_pickaxe",
                    "functions": [
                        {
                            "function": "minecraft:set_name",
                            "name": {
                                "text": "Stone Buster",
                                "color": "gray",
                                "italic": false
                            }
                        },
                        {
                            "function": "minecraft:set_lore",
                            "lore": [
                                {
                                    "text": " "
                                },
                                {
                                    "text": "Mining",
                                    "color": "gray",
                                    "bold": true,
                                    "italic": false
                                }
                            ],
                            "mode": "append"
                        },
                        {
                            "function": "minecraft:set_enchantments",
                            "enchantments": {
                                "minecraft:efficiency": 2,
                                "minecraft:unbreaking": 2
                            }
                        }
                    ]
                },
                {
                    "type": "minecraft:item",
                    "name": "minecraft:diamond_pickaxe",
                    "functions": [
                        {
                            "function": "minecraft:set_name",
                            "name": {
                                "text": "Gem Hunter",
                                "color": "gray",
                                "italic": false
                            }
                        },
                        {
                            "function": "minecraft:set_lore",
                            "lore": [
                                {
                                    "text": " "
                                },
                                {
                                    "text": "Mining",
                                    "color": "gray",
                                    "bold": true,
                                    "italic": false
                                }
                            ],
                            "mode": "append"
                        },
                        {
                            "function": "minecraft:set_enchantments",
                            "enchantments": {
                                "minecraft:efficiency": 5,
                                "minecraft:fortune": 3
                            }
                        }
                    ]
                },
                {
                    "type": "minecraft:item",
                    "name": "minecraft:iron_pickaxe",
                    "functions": [
                        {
                            "function": "minecraft:set_name",
                            "name": {
                                "text": "Vein Miner",
                                "color": "gray",
                                "italic": false
                            }
                        },
                        {
                            "function": "minecraft:set_lore",
                            "lore": [
                                {
                                    "text": " "
                                },
                                {
                                    "text": "Mining",
                                    "color": "gray",
                                    "bold": true,
                                    "italic": false
                                }
                            ],
                            "mode": "append"
                        },
                        {
                            "function": "minecraft:set_enchantments",
                            "enchantments": {
                                "minecraft:efficiency": 4,
                                "minecraft:unbreaking": 3
                            }
                        }
                    ]
                }
            ]
        }
    ]
}