{
    "type": "minecraft:chest",
    "pools": [
        {
            "rolls": {
                "min": 3,
                "max": 5
            },
            "entries": [
                {
                    "type": "minecraft:item",
                    "name": "minecraft:netherite_ingot",
                    "weight": 0.7,
                    "functions": [
                        {
                            "function": "minecraft:set_count",
                            "count": {
                                "min": 5,
                                "max": 15
                            }
                        }
                    ]
                },
                {
                    "type": "minecraft:item",
                    "name": "minecraft:ancient_debris",
                    "functions": [
                        {
                            "function": "minecraft:set_count",
                            "count": {
                                "min": 5,
                                "max": 15
                            }
                        }
                    ]
                },
                {
                    "type": "minecraft:item",
                    "name": "minecraft:totem_of_undying",
                    "weight": 0.4,
                    "functions": [
                        {
                            "function": "minecraft:set_count",
                            "count": {
                                "min": 0,
                                "max": 1
                            }
                        }
                    ]
                },
                {
                    "type": "minecraft:item",
                    "name": "minecraft:golden_apple",
                    "functions": [
                        {
                            "function": "minecraft:set_count",
                            "count": {
                                "min": 5,
                                "max": 10
                            }
                        }
                    ]
                },
                {
                    "type": "minecraft:item",
                    "name": "minecraft:diamond_block",
                    "functions": [
                        {
                            "function": "minecraft:set_count",
                            "count": {
                                "min": 2,
                                "max": 4
                            }
                        }
                    ]
                },
                {
                    "type": "minecraft:item",
                    "name": "minecraft:emerald_block",
                    "functions": [
                        {
                            "function": "minecraft:set_count",
                            "count": {
                                "min": 1,
                                "max": 2
                            }
                        }
                    ]
                },
                {
                    "type": "minecraft:item",
                    "name": "minecraft:gold_block",
                    "functions": [
                        {
                            "function": "minecraft:set_count",
                            "count": {
                                "min": 2,
                                "max": 4
                            }
                        }
                    ]
                },
                {
                    "type": "minecraft:item",
                    "name": "minecraft:elytra",
                    "weight": 0.03,
                    "functions": [
                        {
                            "function": "minecraft:set_count",
                            "count": 1
                        }
                    ]
                }
            ]
        }
    ]
}