[
    {
        "function": "minecraft:set_name",
        "entity": "this",
        "name": {
            "nbt": "quest.name",
            "storage": "sk:ui",
            "italic": false,
            "extra": [
                {
                    "text": " ",
                    "extra": [
                        {
                            "score": {
                                "name": "$sk.xp",
                                "objective": "__variable__"
                            },
                            "color": "yellow",
                            "italic": false,
                            "extra": [
                                {
                                    "text": "/",
                                    "color": "gold",
                                    "italic": false,
                                    "extra": [
                                        {
                                            "score": {
                                                "name": "$sk.obj",
                                                "objective": "__variable__"
                                            },
                                            "color": "yellow",
                                            "italic": false,
                                            "extra": [
                                                {
                                                    "text": " (",
                                                    "color": "gray",
                                                    "italic": false,
                                                    "extra": [
                                                        {
                                                            "score": {
                                                                "name": "$sk.ratio",
                                                                "objective": "__variable__"
                                                            },
                                                            "color": "gray",
                                                            "italic": false,
                                                            "extra": [
                                                                {
                                                                    "text": "%)",
                                                                    "color": "gray",
                                                                    "italic": false
                                                                }
                                                            ]
                                                        }
                                                    ]
                                                }
                                            ]
                                        }
                                    ]
                                }
                            ]
                        }
                    ]
                }
            ]
        }
    },
    {
        "function": "minecraft:set_lore",
        "entity": "this",
        "lore": [
            {
                "nbt": "quest.lore",
                "storage": "sk:ui",
                "color": "gray",
                "italic": false
            },
            {
                "text": ""
            },
            {
                "text": "Complete the quest to claim the reward!",
                "color": "gray",
                "italic": false
            }
        ],
        "mode": "replace_all"
    },
    {
        "function": "minecraft:toggle_tooltips",
        "toggles": {
            "minecraft:attribute_modifiers": false
        }
    }
]