[
    {
        "function": "minecraft:set_name",
        "entity": "this",
        "target": "custom_name",
        "name": {
            "nbt": "name",
            "storage": "sk:skill",
            "color": "green",
            "italic": false,
            "extra": [
                {
                    "score": {
                        "name": "$sk.temp_lvl",
                        "objective": "__variable__"
                    },
                    "color": "dark_green",
                    "bold": true,
                    "italic": false
                }
            ]
        }
    },
    {
        "function": "minecraft:set_item",
        "item": "minecraft:green_stained_glass_pane"
    }
]