[
    {
        "function": "minecraft:set_name",
        "entity": "this",
        "target": "custom_name",
        "name": {
            "nbt": "name",
            "storage": "sk:skill",
            "color": "aqua",
            "bold": true,
            "italic": false,
            "extra": [
                {
                    "text": "15",
                    "color": "dark_aqua",
                    "bold": true,
                    "italic": false
                }
            ]
        }
    },
    {
        "function": "minecraft:set_lore",
        "entity": "this",
        "lore": [
            {
                "text": ""
            },
            {
                "text": "Progress: 100%",
                "color": "gray",
                "italic": false
            },
            {
                "text": "-------------------- ",
                "color": "green",
                "italic": false,
                "extra": [
                    {
                        "score": {
                            "name": "$sk.xp",
                            "objective": "__variable__"
                        },
                        "color": "yellow",
                        "italic": false,
                        "extra": [
                            {
                                "text": "/",
                                "color": "gold",
                                "italic": false,
                                "extra": [
                                    {
                                        "text": "Max",
                                        "color": "yellow"
                                    }
                                ]
                            }
                        ]
                    }
                ]
            }
        ],
        "mode": "replace_all"
    },
    {
        "function": "minecraft:set_item",
        "item": "minecraft:nether_star"
    },
    {
        "function": "minecraft:set_components",
        "components": {
            "minecraft:enchantment_glint_override": true
        }
    }
]