[
    {
        "function": "minecraft:set_name",
        "entity": "this",
        "target": "custom_name",
        "name": {
            "nbt": "name",
            "storage": "sk:skill",
            "color": "yellow",
            "italic": false,
            "extra": [
                {
                    "text": "15",
                    "color": "gold",
                    "italic": false
                }
            ]
        }
    },
    {
        "function": "minecraft:set_lore",
        "entity": "this",
        "lore": [
            {
                "nbt": "lore",
                "storage": "sk:skill",
                "color": "gray",
                "italic": false
            },
            {
                "text": ""
            },
            {
                "text": "Progress: 100%",
                "color": "gray",
                "italic": false
            },
            {
                "text": "------------------- ",
                "color": "green",
                "italic": false,
                "extra": [
                    {
                        "score": {
                            "name": "$sk.xp",
                            "objective": "__variable__"
                        },
                        "color": "yellow",
                        "extra": [
                            {
                                "text": "/",
                                "color": "gold",
                                "italic": false,
                                "extra": [
                                    {
                                        "text": "Max",
                                        "color": "yellow",
                                        "italic": false
                                    }
                                ]
                            }
                        ]
                    }
                ]
            },
            {
                "text": ""
            },
            {
                "text": "Max Level Reached!",
                "color": "red",
                "bold": true,
                "italic": false
            },
            {
                "text": "Click to view!",
                "color": "yellow",
                "italic": false
            }
        ],
        "mode": "replace_all"
    },
    {
        "function": "minecraft:toggle_tooltips",
        "toggles": {
            "minecraft:attribute_modifiers": false
        }
    },
    {
        "function": "minecraft:set_components",
        "components": {
            "minecraft:enchantment_glint_override": true
        }
    }
]