[
    {
        "function": "minecraft:set_name",
        "entity": "this",
        "target": "custom_name",
        "name": {
            "nbt": "name",
            "storage": "sk:skill",
            "color": "yellow",
            "italic": false,
            "extra": [
                {
                    "score": {
                        "name": "$sk.lvl",
                        "objective": "__variable__"
                    },
                    "color": "gold",
                    "italic": false
                }
            ]
        }
    },
    {
        "function": "minecraft:set_lore",
        "entity": "this",
        "lore": [
            {
                "nbt": "lore",
                "storage": "sk:skill",
                "color": "gray",
                "italic": false
            },
            {
                "text": ""
            },
            {
                "text": "Progress to Level ",
                "color": "gray",
                "italic": false,
                "extra": [
                    {
                        "score": {
                            "name": "$sk.next_lvl",
                            "objective": "__variable__"
                        },
                        "color": "gray",
                        "italic": false,
                        "extra": [
                            {
                                "text": ": ",
                                "color": "gray",
                                "italic": false,
                                "extra": [
                                    {
                                        "score": {
                                            "name": "$sk.ratio",
                                            "objective": "__variable__"
                                        },
                                        "color": "yellow",
                                        "italic": false,
                                        "extra": [
                                            {
                                                "text": "%",
                                                "color": "yellow",
                                                "italic": false
                                            }
                                        ]
                                    }
                                ]
                            }
                        ]
                    }
                ]
            },
            {
                "nbt": "progress",
                "storage": "minecraft:temp",
                "italic": false,
                "extra": [
                    {
                        "text": " ",
                        "extra": [
                            {
                                "score": {
                                    "name": "$sk.xp",
                                    "objective": "__variable__"
                                },
                                "color": "yellow",
                                "italic": false,
                                "extra": [
                                    {
                                        "text": "/",
                                        "color": "gold",
                                        "italic": false,
                                        "extra": [
                                            {
                                                "score": {
                                                    "name": "$sk.obj",
                                                    "objective": "__variable__"
                                                },
                                                "color": "yellow",
                                                "italic": false
                                            }
                                        ]
                                    }
                                ]
                            }
                        ]
                    }
                ]
            },
            {
                "text": ""
            },
            {
                "text": "Click to view!",
                "color": "yellow",
                "italic": false
            }
        ],
        "mode": "replace_all"
    },
    {
        "function": "minecraft:toggle_tooltips",
        "toggles": {
            "minecraft:attribute_modifiers": false
        }
    }
]