[
    {
        "function": "minecraft:set_lore",
        "entity": "this",
        "lore": [
            {
                "text": " \u00a77\u00a7l\u2666 \u00a7r\u00a77Name: ",
                "italic": false,
                "extra": [
                    {
                        "selector": "@p",
                        "color": "green",
                        "italic": false
                    }
                ]
            },
            {
                "text": " \u00a77\u00a7l\u2666 \u00a7r\u00a77Favourite Skill: ",
                "italic": false,
                "extra": [
                    {
                        "nbt": "temp_l.favourite_skill",
                        "storage": "sk:sk",
                        "color": "yellow",
                        "italic": false,
                        "extra": [
                            {
                                "text": " Lv. ",
                                "color": "yellow",
                                "italic": false,
                                "extra": [
                                    {
                                        "score": {
                                            "name": "$sk.favourite_skill",
                                            "objective": "__variable__"
                                        },
                                        "color": "yellow",
                                        "italic": false
                                    }
                                ]
                            }
                        ]
                    }
                ]
            },
            {
                "text": " \u00a77\u00a7l\u2666 ",
                "italic": false,
                "extra": [
                    {
                        "nbt": "temp_l.leaderboard",
                        "storage": "sk:sk",
                        "color": "light_purple",
                        "italic": false,
                        "extra": [
                            {
                                "text": " Level: ",
                                "color": "gray",
                                "italic": false,
                                "extra": [
                                    {
                                        "score": {
                                            "name": "$sk.lvl",
                                            "objective": "__variable__"
                                        },
                                        "color": "light_purple",
                                        "italic": false,
                                        "extra": [
                                            {
                                                "text": " (",
                                                "color": "gray",
                                                "italic": false,
                                                "extra": [
                                                    {
                                                        "score": {
                                                            "name": "$sk.xp",
                                                            "objective": "__variable__"
                                                        },
                                                        "color": "yellow",
                                                        "italic": false,
                                                        "extra": [
                                                            {
                                                                "text": "/",
                                                                "color": "gold",
                                                                "italic": false,
                                                                "extra": [
                                                                    {
                                                                        "score": {
                                                                            "name": "$sk.obj",
                                                                            "objective": "__variable__"
                                                                        },
                                                                        "color": "yellow",
                                                                        "extra": [
                                                                            {
                                                                                "text": " Xp)",
                                                                                "color": "gray",
                                                                                "italic": false
                                                                            }
                                                                        ]
                                                                    }
                                                                ]
                                                            }
                                                        ]
                                                    }
                                                ]
                                            }
                                        ]
                                    }
                                ]
                            }
                        ]
                    }
                ]
            },
            {
                "text": " \u00a77\u00a7l\u2666 \u00a7r\u00a77Rank: ",
                "italic": false,
                "extra": [
                    {
                        "text": "#",
                        "color": "yellow",
                        "italic": false,
                        "extra": [
                            {
                                "score": {
                                    "name": "$sk.rank",
                                    "objective": "__variable__"
                                },
                                "color": "yellow",
                                "italic": false
                            }
                        ]
                    }
                ]
            },
            {
                "text": ""
            },
            {
                "nbt": "temp_l.leaderboard",
                "storage": "sk:sk",
                "color": "gold",
                "italic": false,
                "extra": [
                    {
                        "text": " Leaderboard:",
                        "color": "gold",
                        "italic": false
                    }
                ]
            }
        ],
        "mode": "append"
    }
]