[
    {
        "function": "minecraft:set_lore",
        "entity": "this",
        "lore": [
            {
                "text": " ",
                "extra": [
                    {
                        "score": {
                            "name": "$sk.rank_id",
                            "objective": "__variable__"
                        },
                        "color": "gray",
                        "italic": false,
                        "extra": [
                            {
                                "text": ". ",
                                "extra": [
                                    {
                                        "nbt": "temp_n",
                                        "storage": "sk:sk",
                                        "color": "yellow",
                                        "italic": false,
                                        "extra": [
                                            {
                                                "text": " - ",
                                                "color": "gray",
                                                "extra": [
                                                    {
                                                        "text": "Lv. ",
                                                        "color": "light_purple",
                                                        "italic": false,
                                                        "extra": [
                                                            {
                                                                "score": {
                                                                    "name": "$sk.lvl",
                                                                    "objective": "__variable__"
                                                                },
                                                                "extra": [
                                                                    {
                                                                        "text": " (",
                                                                        "color": "gray",
                                                                        "italic": false,
                                                                        "extra": [
                                                                            {
                                                                                "score": {
                                                                                    "name": "$sk.xp",
                                                                                    "objective": "__variable__"
                                                                                },
                                                                                "color": "gray",
                                                                                "italic": false,
                                                                                "extra": [
                                                                                    {
                                                                                        "text": " Xp)",
                                                                                        "color": "gray",
                                                                                        "italic": false
                                                                                    }
                                                                                ]
                                                                            }
                                                                        ]
                                                                    }
                                                                ]
                                                            }
                                                        ]
                                                    }
                                                ]
                                            }
                                        ]
                                    }
                                ]
                            }
                        ]
                    }
                ]
            }
        ],
        "mode": "append"
    }
]